<?xml version="1.0" encoding="UTF-8"?><module>
   <id>CMM_IEC_Proposal_Model</id>
   <auto-deploy>true</auto-deploy>
   <configurations>
      
      <!-- Document Library config section -->
      <config condition="DocumentLibrary" evaluator="string-compare" replace="false">
         <aspects>
            <visible>
               <aspect label="IEC_PROPOSALS" name="ICON-IEC:IEC_PROPOSALS"/>
            </visible>
         </aspects>
      </config>

      <!-- Form configuration section - type -->
      
      <!-- Form configuration section - aspect -->
      <config condition="ICON-IEC:IEC_PROPOSALS" evaluator="aspect">
         <forms>
            <form>
               <field-visibility>
                  <show id="ICON-IEC:id"/>
                  <show id="ICON-IEC:scope"/>
                  <show id="ICON-IEC:purpose-justification"/>
                  <show id="ICON-IEC:cd-month"/>
                  <show id="ICON-IEC:cd-year"/>
                  <show id="ICON-IEC:is-month"/>
                  <show id="ICON-IEC:is-year"/>
               </field-visibility>
               <appearance>
                  <set appearance="whitespace" id="ICON-IEC:IEC_PROPOSALS_cmm_set0" template="/org/alfresco/components/form/2-column-set.ftl"/>
                  <set appearance="whitespace" id="ICON-IEC:IEC_PROPOSALS_cmm_set1"/>
                  <set appearance="whitespace" id="ICON-IEC:IEC_PROPOSALS_cmm_set2" template="/org/alfresco/components/form/2-column-set.ftl"/>
                  <field id="ICON-IEC:is-year" set="ICON-IEC:IEC_PROPOSALS_cmm_set2">
                  </field>
                  <field id="ICON-IEC:scope" set="ICON-IEC:IEC_PROPOSALS_cmm_set0">
                  </field>
                  <field id="ICON-IEC:purpose-justification" set="ICON-IEC:IEC_PROPOSALS_cmm_set1">
                  </field>
                  <field id="ICON-IEC:id" set="ICON-IEC:IEC_PROPOSALS_cmm_set0">
                  </field>
                  <field id="ICON-IEC:cd-month" set="ICON-IEC:IEC_PROPOSALS_cmm_set2">
                  </field>
                  <field id="ICON-IEC:cd-year" set="ICON-IEC:IEC_PROPOSALS_cmm_set2">
                  </field>
                  <field id="ICON-IEC:is-month" set="ICON-IEC:IEC_PROPOSALS_cmm_set2">
                  </field>
               </appearance>
            </form>
         </forms>
      </config>
      
      <!-- Entity form designer configuration -->
      <config condition="FormDefinition" evaluator="string-compare">
         <form-definition id="IEC_PROPOSALS">[{"elementconfig":{"label":"","appearance":"bordered-panel"},"pseudonym":"cmm/editor/layout/2cols","label":"cmm.form-editor.palette.two-column","type":["layout"],"column":[{"pseudonym":"cmm/editor/property/text","id":"ICON-IEC:id","elementconfig":{"infoname":"id","infolabel":"id","infotype":"d:text"},"label":"id [id]","type":["property"]},{"pseudonym":"cmm/editor/property/text","id":"ICON-IEC:scope","elementconfig":{"infoname":"scope","infolabel":"scope","infotype":"d:text"},"label":"scope [scope]","type":["property"]}]},{"elementconfig":{"label":"","appearance":"bordered-panel"},"pseudonym":"cmm/editor/layout/1cols","label":"cmm.form-editor.palette.one-column","type":["layout"],"column":[{"pseudonym":"cmm/editor/property/text","id":"ICON-IEC:purpose-justification","elementconfig":{"infoname":"purpose-justification","infolabel":"purpose-justification","infotype":"d:text"},"label":"purpose-justification [purpose-justification]","type":["property"]}]},{"elementconfig":{"label":"","appearance":"bordered-panel"},"pseudonym":"cmm/editor/layout/2cols","label":"cmm.form-editor.palette.two-column","type":["layout"],"column":[{"pseudonym":"cmm/editor/property/text","id":"ICON-IEC:cd-month","elementconfig":{"infoname":"cd-month","infolabel":"cd-month","infotype":"d:text"},"label":"cd-month [cd-month]","type":["property"]},{"pseudonym":"cmm/editor/property/text","id":"ICON-IEC:cd-year","elementconfig":{"infoname":"cd-year","infolabel":"cd-year","infotype":"d:text"},"label":"cd-year [cd-year]","type":["property"]},{"pseudonym":"cmm/editor/property/text","id":"ICON-IEC:is-month","elementconfig":{"infoname":"is-month","infolabel":"is-month","infotype":"d:text"},"label":"is-month [is-month]","type":["property"]},{"pseudonym":"cmm/editor/property/text","id":"ICON-IEC:is-year","elementconfig":{"infoname":"is-year","infolabel":"is-year","infotype":"d:text"},"label":"is-year [is-year]","type":["property"]}]}]</form-definition>
      </config>

   </configurations>
</module>
