<?xml version="1.0" encoding="UTF-8"?>
<model xmlns="http://www.alfresco.org/model/dictionary/1.0" name="ICON-IEC:IEC_Proposal_Model">
    <author>Administrator</author>
    <imports>
        <import uri="http://www.alfresco.org/model/dictionary/1.0" prefix="d"/>
    </imports>
    <namespaces>
        <namespace uri="http://www.mycompany.com/model/ICON_IEC/1.0" prefix="ICON-IEC"/>
    </namespaces>
    <data-types/>
    <constraints/>
    <types/>
    <aspects>
        <aspect name="ICON-IEC:IEC_PROPOSALS">
            <title>IEC_PROPOSALS</title>
            <description>metadata aspect for icon iec</description>
            <properties>
                <property name="ICON-IEC:cd-month">
                    <title>cd-month</title>
                    <type>d:text</type>
                    <mandatory>false</mandatory>
                    <index enabled="true">
                        <tokenised>TRUE</tokenised>
                        <facetable>false</facetable>
                    </index>
                </property>
                <property name="ICON-IEC:scope">
                    <title>scope</title>
                    <type>d:text</type>
                    <mandatory>false</mandatory>
                    <index enabled="true">
                        <tokenised>TRUE</tokenised>
                        <facetable>false</facetable>
                    </index>
                </property>
                <property name="ICON-IEC:cd-year">
                    <title>cd-year</title>
                    <type>d:text</type>
                    <mandatory>false</mandatory>
                    <index enabled="false">
                        <tokenised>TRUE</tokenised>
                    </index>
                </property>
                <property name="ICON-IEC:purpose-justification">
                    <title>purpose-justification</title>
                    <type>d:text</type>
                    <mandatory>false</mandatory>
                    <index enabled="true">
                        <tokenised>TRUE</tokenised>
                        <facetable>false</facetable>
                    </index>
                </property>
                <property name="ICON-IEC:is-month">
                    <title>is-month</title>
                    <type>d:text</type>
                    <mandatory>false</mandatory>
                    <index enabled="true">
                        <tokenised>TRUE</tokenised>
                        <facetable>false</facetable>
                    </index>
                </property>
                <property name="ICON-IEC:id">
                    <title>id</title>
                    <type>d:text</type>
                    <mandatory>false</mandatory>
                    <index enabled="true">
                        <tokenised>TRUE</tokenised>
                        <facetable>false</facetable>
                    </index>
                </property>
                <property name="ICON-IEC:is-year">
                    <title>is-year</title>
                    <type>d:text</type>
                    <mandatory>false</mandatory>
                    <index enabled="true">
                        <tokenised>TRUE</tokenised>
                        <facetable>false</facetable>
                    </index>
                </property>
            </properties>
            <associations/>
            <overrides/>
            <mandatory-aspects/>
        </aspect>
    </aspects>
</model>