<?xml version="1.0" encoding="UTF-8"?>
<model xmlns="http://www.alfresco.org/model/dictionary/1.0" name="rm:IEC_likemodel">
    <author>Administrator</author>
    <imports>
        <import uri="http://www.alfresco.org/model/dictionary/1.0" prefix="d"/>
    </imports>
    <namespaces>
        <namespace uri="IEC_likemodel" prefix="rm"/>
    </namespaces>
    <data-types/>
    <constraints/>
    <types/>
    <aspects>
        <aspect name="rm:rating_aspect">
            <title>rating_aspect</title>
            <properties>
                <property name="rm:rateduser">
                    <title>rateduser</title>
                    <type>d:text</type>
                    <mandatory>false</mandatory>
                    <index enabled="true">
                        <tokenised>TRUE</tokenised>
                        <facetable>false</facetable>
                    </index>
                </property>
                <property name="rm:ratecount">
                    <title>ratecount</title>
                    <type>d:long</type>
                    <mandatory>false</mandatory>
                    <index enabled="true">
                        <tokenised>TRUE</tokenised>
                    </index>
                </property>
                <property name="rm:ratingval">
                    <title>ratingval</title>
                    <type>d:int</type>
                    <mandatory>false</mandatory>
                    <index enabled="true">
                        <tokenised>TRUE</tokenised>
                    </index>
                </property>
            </properties>
            <associations/>
            <overrides/>
            <mandatory-aspects/>
        </aspect>
    </aspects>
</model>